Workbook

Sheet Cas de test
A1: Cas de test – QuickOrder
A3: Cas nominaux (6 cas)
A5: ID | B5: Titre | C5: Objectif | D5: Préconditions | E5: Données | F5: Étapes | G5: Résultat attendu | H5: Résultat obtenu | I5: Statut | J5: Preuve
A6: TC-N01 | B6: Se connecter sur un compte client existant | C6: Vérifier qu'un client peut se connecter avec ses identifiants | D6: Être déconnecté Avoir un compte | E6: Email: alice@example.com Mot de passe: Password123! | F6: 1. Cliquer sur "Connexion" 2. Saisir l'email et le mot de passe 3. Cliquer sur "Se connecter" | G6: Retour à l'accueil Le menu affiche le nom de d'utilisateur, "Commandes" et "Déconnexion" | H6: Connexion réussie, "Alice Martin" apparaît en haut à droite, la section commande et deconnexion s'affiche | I6: Pass | J6: #VALUE!
A7: TC-N02 | B7: Consulter le menu d'un restaurant | C7: Vérifier qu'on voit les plats d'un restaurant avec leurs informations | D7: Aucune | E7: Le restaurant: Tokyo Bowl | F7: 1. Ouvrir l'accueil 2. Cliquer sur "Voir le menu" de Tokyo Bowl | G7: Les plats sont affichés avec prix, catégorie et stock | H7: Les plats sont affichés. Le gyozas est marqué "HORS STOCK" | I7: Pass | J7: #VALUE!
A8: TC-N03 | B8: Ajouter des plats dans le panier | C8: Vérifier que les plats ajoutés arrivent dans le panier avec le bon total. | D8: Panier vide | E8: 1 × Chicken Teriyaki (13,50€) + 2 × Miso Soup (3,20€) + 1 x Salmon Bowl (15,90€) + livraison (3,49€) | F8: 1. Ouvrir Tokyo Bowl 2. Ajouter 1 Chicken Teriyaki 3. Ajouter 2 Miso Soup 4. Ajouter 1 Salmon Bowl 5. Aller sur le panier | G8: Sous-total de la commande 35,80€, livraison 3,49€, total 39,29€ | H8: Sous-total 35,80€, livraison 3,49€, total 39,29 €. | I8: Pass | J8: #VALUE!
A9: TC-N04 | B9: Modifier la quantité dans le panier sans passer par la boutique mais uniquement sur le panier | C9: Vérifier que le panier se met à jour quand on change une quantité | D9: Panier avec 1 × Chicken Teriyaki + 2 × Miso Soup + 1 x Salmon Bowl | E9: Nouvelle quantité sur le Chiken Teriyaki: 2 | F9: 1. Ouvrir le panier 2. Remplacer 1 par 2 3. Cliquer sur « Mettre à jour » | G9: Sous-total 49,30€, total 52,79€ | H9: Sous-total 49,30€, total 52,79€ | I9: Pass | J9: #VALUE!
A10: TC-N05 | B10: Passer une commande payée par carte | C10: Vérifier le parcours complet du panier jusqu'à la confirmation | D10: Le compte d'Alice connectée, panier vide | E10: 2 × Chicken Teriyaki + 2 × Miso Soup + 1 x Salmon Bowl | F10: 1. Ajouter 2 Chicken Teriyaki 2. Ajouter 2 Miso Soup 3. Ajouter 1 Salmon Bowl 4. Cliquer sur « Passer commande » 5. Choisir « Carte bancaire » 6. Cliquer sur « Confirmer » | G10: Commande au statut « confirmed », paiement « paid · card », total 52,79€ | H10: Commande confirmée, payée par carte, total 52,79€ | I10: Pass | J10: #VALUE!
A11: TC-N06 | B11: Utiliser un code promo valide | C11: Vérifier qu'un code promo valide fait baisser le prix total | D11: Le compte d'Alice connectée, panier avec 1 × Couscous Royal (17,90€) + 1 x Tajine Poulet Citron (15,90€) + livraison (2,99€), total à 36,79€ | E11: Code ATLAS15 (-15% dès 20€ de commande) | F11: 1. Ouvrir la page de paiement 2. Saisir ATLAS15 sur la section coupon 3. Cliquer sur « Appliquer » | G11: Réduction de 3,38€, total 33.41€. | H11: Réduction de 3,38€, total 33.41€. | I11: Pass | J11: #VALUE!
A14: Cas limites (6 cas)
A16: ID | B16: Titre | C16: Objectif | D16: Préconditions | E16: Données | F16: Étapes | G16: Résultat attendu | H16: Résultat obtenu | I16: Statut | J16: Preuve
A17: TC-L01 | B17: Quantité minimale (0 et 1) | C17: Vérifier que 1 est accepté et que 0 est refusé. | D17: Swagger ouvert, clé quickorder-demo-key saisie dans Authorize | E17: Classic Burger (product_id 1), quantité 0 puis 1 | F17: 1. POST /orders avec quantité 0 2. POST /orders avec quantité 1 | G17: Quantité 0 refusée (400) Quantité 1 acceptée (201) | H17: 0 -> 400 "quantity must be between 1 and 20" 1 -> 201, commande créée. | I17: Pass | J17: #VALUE!
A18: TC-L02 | B18: Quantité maximale (20 et 21) | C18: Vérifier que la quantité de 20 est accepté et que si on mets 21 est refusé | D18: Swagger ouvert avec la clé | E18: Miso Soup (product_id 9, stock 100), quantité 20 puis 21 | F18: 1. POST /orders avec quantité 20 2. POST /orders avec quantité 21 | G18: 20 acceptée (201, sous-total 64,00€) 21 refusée (400) | H18: 20 -> 201, sous-total 64,00€ 21 -> erreur 400 | I18: Pass | J18: #VALUE!
A19: TC-L03 | B19: Commander plus que le stock disponible | C19: Vérifier qu'on ne peut pas commander plus que le stock restant | D19: Swagger ouvert avec la clé Salmon Bowl a un stock de 2 | E19: Salmon Bowl (product_id 7), quantité 3 | F19: 1. GET /products/7 et noter le stock 2. POST /orders avec quantité 3 3. GET /products/7 | G19: Commande refusée (409) Le stock reste à 2 | H19: Commande créée (201) Le stock passe à -1 | I19: Fail | J19: #VALUE!
A20: TC-L04 | B20: Seuil minimum du code promo (19,99 € et 20,00 €) | C20: Vérifier que WELCOME10 marche à partir de 20 € exactement | D20: Swagger ouvert avec la clé | E20: WELCOME10, montant 19,99 € puis 20,00 € | F20: 1. POST /coupons/validate avec 19.99 2. POST /coupons/validate avec 20.00 | G20: 19,99 € refusé 20,00 € accepté avec 2,00 € de réduction | H20: 19,99 € -> valid false, 20,00 € -> valid true, réduction 2,00 € | I20: Pass | J20: #VALUE!
A21: TC-L05 | B21: Plafond de réduction du code promo | C21: Vérifier que la réduction de WELCOME10 ne dépasse pas 8 € | D21: Swagger ouvert avec la clé | E21: WELCOME10 sur 100 € (10 % = 10 €) | F21: 1. POST /coupons/validate avec 100 | G21: Réduction de 8,00€ et pas 10,00€ | H21: Réduction de 8,00€ | I21: Pass | J21: #VALUE!
A22: TC-L06 | B22: Longueur minimale du mot de passe (8) | C22: Vérifier qu'il faut au moins 8 caractères pour créer un compte | D22: Être déconnecté | E22: Mot de passe "123" (3) puis "12345678" (8) | F22: 1. Ouvrir "Créer un compte" 2. Valider avec 7 caractères 3. Recommencer avec 8 caractères | G22: 3 caractères refusé 8 caractères: compte créé et connecté. | H22: 3 -> le navigateur bloque l'envoi 8 -> compte créé, utilisateur connecté | I22: Pass | J22: #VALUE!
A25: Cas d'erreur (6 cas)
A27: ID | B27: Titre | C27: Objectif | D27: Préconditions | E27: Données | F27: Étapes | G27: Résultat attendu | H27: Résultat obtenu | I27: Statut | J27: Preuve
A28: TC-E01 | B28: Commander sans adresse de livraison | C28: Vérifier qu'on ne peut pas commander sans adresse | D28: On crée un compte avec aucune adresse | E28: Nouveau compte, 2 × Miso Soup | F28: 1. Créer un compte 2. Ajouter 2 Soup Miso 3. Ouvrir la page de paiement 4. Cliquer sur « Confirmer » | G28: Commande bloquée tant qu'aucune adresse n'est renseignée | H28: L'adresse proposée est vide (« Domicile — , ») La commande est quand même confirmée | I28: Fail | J28: #VALUE!
A29: TC-E02 | B29: Commander un produit qui est en rupture de stock | C29: Vérifier qu'un produit « HORS STOCK » ne peut pas être commandé | D29: Le compte d'Alice connectée Gyozas (Tokyo Bowl) stock 0 | E29: 3 × Gyozas + 1 × Chicken Teriyaki | F29: 1. Ouvrir Tokyo Bowl 2. Ajouter 3 Gyozas 3. Ajouter 1 Chicken Teriyaki 4. Payer par carte | G29: Message d'erreur Les Gyozas n'arrivent pas dans le panier | H29: Message "Gyozas ajouté au panier" Commande confirmée, stock des Gyozas à -3 | I29: Fail | J29: #VALUE!
A30: TC-E03 | B30: Commander dans un restaurant fermé | C30: Vérifier qu'un restaurant fermé ne reçoit pas de commande | D30: Le compte d'Alice connectée Night Sushi affiché "FERMÉ" | E30: 1 × Late Sushi Box (14,00 €), paiement par carte | F30: 1. Ouvrir Night Sushi 2. Ajouter la Late Sushi Box 3. Confirmer la commande | G30: Commande refusée avec un message "restaurant fermé" | H30: Commande créée au statut "confirmed" | I30: Fail | J30: #VALUE!
A31: TC-E04 | B31: Se connecter avec un mauvais mot de passe | C31: Vérifier qu'un mauvais mot de passe est refusé avec un message clair | D31: Être déconnecté | E31: Email: alice@example.com Mot de passe: Fauxmdp! | F31: 1. Ouvrir « Connexion » 2. Saisir le mauvais mot de passe 3. Cliquer sur « Se connecter » | G31: Message: "Email ou mot de passe incorrect" , pas de connexion. | H31: Message: "Email ou mot de passe incorrect" , pas de connexion. | I31: Pass | J31: #VALUE!
A32: TC-E05 | B32: Utiliser un code promo expiré | C32: Vérifier qu'un code expiré est refusé | D32: Le compte d'Alice connectée, panier avec 2 × Classic Burger | E32: Code EXPIRED10 (expiré depuis 1 jour) | F32: 1. Ouvrir la page de paiement 2. Saisir EXPIRED10 3. Cliquer sur "Appliquer" | G32: Message "Coupon invalide ou expiré", réduction 0,00 € | H32: Message "Coupon invalide ou expiré", réduction 0,00 € | I32: Pass | J32: #VALUE!
A33: TC-E06 | B33: Un client essaie d'ouvrir l'espace admin | C33: Vérifier qu'un client ne peut pas accéder à l'administration | D33: Le compte d'Alice (cliente) connectée | E33: Adresse http://127.0.0.1:5000/admin/ | F33: 1. Se connecter avec Alice 2. Taper /admin/ dans la barre d'adresse | G33: Retour à l'accueil avec "Accès réservé aux administrateurs" | H33: Retour à l'accueil avec "Accès réservé aux administrateurs" | I33: Pass | J33: #VALUE!
A36: Règles métier (6 cas)
A38: ID | B38: Titre | C38: Objectif | D38: Préconditions | E38: Données | F38: Étapes | G38: Résultat attendu | H38: Résultat obtenu | I38: Statut | J38: Preuve
A39: TC-R01 | B39: Respect du minimum de commande | C39: Vérifier qu'une commande sous le minimum du restaurant est bloquée | D39: Le compt d'Alice connectée Green Kitchen: minimum 12,00€ | E39: 1 × Fresh Juice (4,50€) | F39: 1. Ajouter 1 Fresh Juice 2. Ouvrir la page de paiement 3. Cliquer sur "Confirmer" | G39: Commande refusée, minimum (12€) non atteint | H39: Commande confirmée | I39: Fail | J39: #VALUE!
A40: TC-R02 | B40: Annuler une commande remet le stock | C40: Vérifier qu'une commande annulée rend les produits au stock | D40: Le compte d'Alice connectée Tofu Bowl (Tokyo Bowl) stock 100 | E40: 3 × Tofu Bowl, paiement par carte | F40: 1. Noter le stock du Tofu Bowl 2. Commander 3 Tofu Bowl 3. Cliquer sur "Annuler la commande" 4. Regarder le stock sur le menu | G40: Statut "cancelled" et stock revenu à 100. | H40: Statut "cancelled" mais stock à 97 | I40: Fail | J40: #VALUE!
A41: TC-R03 | B41: Un panier ne contient qu'un seul restaurant | C41: Vérifier qu'on ne peut pas mélanger deux restaurants | D41: Panier avec 1 Regina (Pizza Roma) | E41: 1 × Chicken Caesar (Green Kitchen) | F41: 1. Ouvrir Green Kitchen 2. Ajouter la Chicken Ceasar 3. Ouvrir le panier | G41: Message: "Un panier ne peut contenir que des produits du même restaurant" Panier inchangé | H41: Message: "Un panier ne peut contenir que des produits du même restaurant" Panier inchangé | I41: Pass | J41: #VALUE!
A42: TC-R04 | B42: Paiement en espèces suffisant | C42: Vérifier que l'argent remis couvre au moins le total | D42: Le compte d'Alice connectée Panier 2 × Margherita (total 24,29€) | E42: Espèces, montant remis 1,00 € | F42: 1. Ouvrir la page de paiement 2. Choisir "Espèces" 3. Saisir 1€ 4. Cliquer sur "Confirmer" | G42: Commande refusée, montant insuffisant | H42: Commande confirmée et payée "Monnaie calculée : - 23.29€" | I42: Fail | J42: #VALUE!
A43: TC-R05 | B43: Un paiement PayPal crée une seule commande | C43: Vérifier qu'un paiement donne une commande et une seule | D43: Le compte d'Alice connectée Panier 2 × Double Cheese | E43: Paiement PayPal | F43: 1. Compter les commandes 2. Payer avec "PayPal" 3. Ouvrir "Commandes" et voir le nombre de commande | G43: Une seule commande en plus | H43: Deux commandes identiques créées (même heure, 32,79€ chacune) | I43: Fail | J43: #VALUE!
A44: TC-R06 | B44: La promotion affichée est celle appliquée | C44: Vérifier que la réduction correspond à la promotion annoncée | D44: Le compte d'Alice connectée Couscous Atlas annonce "ATLAS15 : 15 % de réduction" | E44: 2 × Couscous Royal (35,80 €), code ATLAS15 | F44: 1. Lire la promotion sur Couscous Atlas 2. Ajouter 2 Couscous Royal 3. Appliquer ATLAS15 | G44: Réduction de 15 %, soit 5,37 € | H44: Réduction de 3,58 €, soit seulement 10 % | I44: Fail | J44: #VALUE!

Sheet Synthèse
A1: Catégorie | B1: Total | C1: Pass | D1: Fail | E1: Blocked | F1: Skipped
A2: Nominal | B2: =COUNTA('Cas de test'!$I$6:$I$11) -> 6 | C2: =COUNTIF('Cas de test'!$I$6:$I$11,"Pass") -> 6 | D2: =COUNTIF('Cas de test'!$I$6:$I$11,"Fail") -> 0 | E2: =COUNTIF('Cas de test'!$I$6:$I$11,"Blocked") -> 0 | F2: =COUNTIF('Cas de test'!$I$6:$I$11,"Skipped") -> 0
A3: Limite | B3: =COUNTA('Cas de test'!$I$17:$I$22) -> 6 | C3: =COUNTIF('Cas de test'!$I$17:$I$22,"Pass") -> 5 | D3: =COUNTIF('Cas de test'!$I$17:$I$22,"Fail") -> 1 | E3: =COUNTIF('Cas de test'!$I$17:$I$22,"Blocked") -> 0 | F3: =COUNTIF('Cas de test'!$I$17:$I$22,"Skipped") -> 0
A4: Erreur | B4: =COUNTA('Cas de test'!$I$28:$I$33) -> 6 | C4: =COUNTIF('Cas de test'!$I$28:$I$33,"Pass") -> 3 | D4: =COUNTIF('Cas de test'!$I$28:$I$33,"Fail") -> 3 | E4: =COUNTIF('Cas de test'!$I$28:$I$33,"Blocked") -> 0 | F4: =COUNTIF('Cas de test'!$I$28:$I$33,"Skipped") -> 0
A5: Règle métier | B5: =COUNTA('Cas de test'!$I$39:$I$44) -> 6 | C5: =COUNTIF('Cas de test'!$I$39:$I$44,"Pass") -> 1 | D5: =COUNTIF('Cas de test'!$I$39:$I$44,"Fail") -> 5 | E5: =COUNTIF('Cas de test'!$I$39:$I$44,"Blocked") -> 0 | F5: =COUNTIF('Cas de test'!$I$39:$I$44,"Skipped") -> 0
A6: Total | B6: =SUM(B2:B5) -> 24 | C6: =SUM(C2:C5) -> 15 | D6: =SUM(D2:D5) -> 9 | E6: =SUM(E2:E5) -> 0 | F6: =SUM(F2:F5) -> 0
